"","Date","Buy_Signal_SMA","Sell_Signal_SMA","Buy_Signal_MACD","Sell_Signal_MACD","Buy_Signal_RSI","Sell_Signal_RSI"
"1",2020-01-02,NA,NA,NA,NA,NA,NA
"2",2020-01-03,NA,NA,NA,NA,NA,NA
"3",2020-01-06,NA,NA,NA,NA,NA,NA
"4",2020-01-07,NA,NA,NA,NA,NA,NA
"5",2020-01-08,NA,NA,NA,NA,NA,NA
"6",2020-01-09,NA,NA,NA,NA,NA,NA
"7",2020-01-10,NA,NA,NA,NA,NA,NA
"8",2020-01-13,NA,NA,NA,NA,NA,NA
"9",2020-01-14,NA,NA,NA,NA,NA,NA
"10",2020-01-15,NA,NA,NA,NA,NA,NA
"11",2020-01-16,NA,NA,NA,NA,NA,NA
"12",2020-01-17,NA,NA,NA,NA,NA,NA
"13",2020-01-20,NA,NA,NA,NA,NA,NA
"14",2020-01-21,NA,NA,NA,NA,NA,NA
"15",2020-01-22,NA,NA,NA,NA,NA,NA
"16",2020-01-23,NA,NA,NA,NA,NA,NA
"17",2020-02-03,NA,NA,NA,NA,NA,NA
"18",2020-02-04,NA,NA,NA,NA,NA,NA
"19",2020-02-05,NA,NA,NA,NA,NA,NA
"20",2020-02-06,NA,NA,NA,NA,NA,NA
"21",2020-02-07,NA,NA,NA,NA,NA,NA
"22",2020-02-10,NA,NA,NA,NA,NA,NA
"23",2020-02-11,NA,NA,NA,NA,NA,NA
"24",2020-02-12,NA,NA,NA,NA,NA,NA
"25",2020-02-13,NA,NA,NA,NA,NA,NA
"26",2020-02-14,NA,NA,NA,NA,NA,NA
"27",2020-02-17,NA,NA,NA,NA,NA,NA
"28",2020-02-18,NA,NA,NA,NA,NA,NA
"29",2020-02-19,NA,NA,NA,NA,NA,NA
"30",2020-02-20,NA,NA,NA,NA,NA,NA
"31",2020-02-21,NA,NA,NA,NA,NA,NA
"32",2020-02-24,NA,NA,NA,NA,NA,NA
"33",2020-02-25,NA,NA,NA,NA,NA,NA
"34",2020-02-26,NA,NA,NA,NA,NA,NA
"35",2020-02-27,NA,NA,NA,NA,NA,NA
"36",2020-02-28,NA,NA,NA,NA,NA,NA
"37",2020-03-02,NA,NA,NA,NA,NA,NA
"38",2020-03-03,NA,NA,NA,NA,NA,NA
"39",2020-03-04,NA,NA,NA,NA,NA,NA
"40",2020-03-05,NA,NA,NA,NA,NA,NA
"41",2020-03-06,NA,NA,NA,NA,NA,NA
"42",2020-03-09,NA,NA,NA,NA,NA,NA
"43",2020-03-10,NA,NA,NA,NA,NA,NA
"44",2020-03-11,NA,NA,NA,NA,NA,NA
"45",2020-03-12,NA,NA,NA,NA,NA,NA
"46",2020-03-13,NA,NA,NA,NA,NA,NA
"47",2020-03-16,NA,NA,NA,NA,NA,NA
"48",2020-03-17,NA,NA,NA,NA,NA,NA
"49",2020-03-18,NA,NA,NA,NA,NA,NA
"50",2020-03-19,NA,NA,NA,NA,NA,NA
"51",2020-03-20,NA,NA,NA,NA,NA,NA
"52",2020-03-23,NA,NA,NA,NA,NA,NA
"53",2020-03-24,NA,NA,NA,NA,NA,NA
"54",2020-03-25,NA,NA,NA,NA,NA,NA
"55",2020-03-26,NA,NA,NA,NA,NA,NA
"56",2020-03-27,NA,NA,NA,NA,NA,NA
"57",2020-03-30,NA,NA,NA,NA,NA,NA
"58",2020-03-31,NA,NA,NA,NA,NA,NA
"59",2020-04-01,NA,NA,NA,NA,NA,NA
"60",2020-04-02,NA,NA,NA,NA,NA,NA
"61",2020-04-03,NA,NA,NA,NA,NA,NA
"62",2020-04-07,NA,NA,NA,NA,NA,NA
"63",2020-04-08,NA,NA,NA,NA,NA,NA
"64",2020-04-09,NA,NA,NA,NA,NA,NA
"65",2020-04-10,NA,NA,NA,NA,NA,NA
"66",2020-04-13,NA,NA,NA,NA,NA,NA
"67",2020-04-14,NA,NA,NA,NA,NA,NA
"68",2020-04-15,NA,NA,NA,NA,NA,NA
"69",2020-04-16,NA,NA,NA,NA,NA,NA
"70",2020-04-17,NA,NA,NA,NA,NA,NA
"71",2020-04-20,NA,NA,NA,NA,NA,NA
"72",2020-04-21,NA,NA,NA,NA,NA,NA
"73",2020-04-22,NA,NA,NA,NA,NA,NA
"74",2020-04-23,NA,NA,NA,NA,NA,NA
"75",2020-04-24,NA,NA,NA,NA,NA,NA
"76",2020-04-27,NA,NA,NA,NA,NA,NA
"77",2020-04-28,NA,NA,NA,NA,NA,NA
"78",2020-04-29,NA,NA,NA,NA,NA,NA
"79",2020-04-30,NA,NA,NA,NA,NA,NA
"80",2020-05-06,NA,NA,NA,NA,NA,NA
"81",2020-05-07,NA,NA,NA,NA,NA,NA
"82",2020-05-08,NA,NA,NA,NA,NA,NA
"83",2020-05-11,NA,NA,NA,NA,NA,NA
"84",2020-05-12,NA,NA,NA,NA,NA,NA
"85",2020-05-13,NA,NA,NA,NA,NA,NA
"86",2020-05-14,NA,NA,NA,NA,NA,NA
"87",2020-05-15,NA,NA,NA,NA,NA,NA
"88",2020-05-18,NA,NA,NA,NA,NA,NA
"89",2020-05-19,NA,NA,NA,NA,NA,NA
"90",2020-05-20,NA,NA,NA,NA,NA,NA
"91",2020-05-21,NA,NA,NA,NA,NA,NA
"92",2020-05-22,NA,NA,NA,NA,NA,NA
"93",2020-05-25,NA,NA,NA,NA,NA,NA
"94",2020-05-26,NA,NA,NA,NA,NA,NA
"95",2020-05-27,NA,NA,NA,NA,NA,NA
"96",2020-05-28,NA,NA,NA,NA,NA,NA
"97",2020-05-29,NA,NA,NA,NA,NA,NA
"98",2020-06-01,NA,NA,NA,NA,NA,NA
"99",2020-06-02,NA,NA,NA,NA,NA,NA
"100",2020-06-03,NA,NA,NA,NA,NA,NA
"101",2020-06-04,NA,NA,NA,NA,NA,NA
"102",2020-06-05,NA,NA,NA,NA,NA,NA
"103",2020-06-08,NA,NA,NA,NA,NA,NA
"104",2020-06-09,NA,NA,NA,NA,NA,NA
"105",2020-06-10,NA,NA,NA,NA,NA,NA
"106",2020-06-11,NA,NA,NA,NA,NA,NA
"107",2020-06-12,NA,NA,NA,NA,NA,NA
"108",2020-06-15,NA,NA,NA,NA,NA,NA
"109",2020-06-16,NA,NA,NA,NA,NA,NA
"110",2020-06-17,NA,NA,NA,NA,NA,NA
"111",2020-06-18,NA,NA,NA,NA,NA,NA
"112",2020-06-19,NA,NA,NA,NA,NA,NA
"113",2020-06-22,NA,NA,NA,NA,NA,NA
"114",2020-06-23,NA,NA,NA,NA,NA,NA
"115",2020-06-24,NA,NA,NA,NA,NA,NA
"116",2020-06-29,NA,NA,NA,NA,NA,NA
"117",2020-06-30,NA,NA,NA,NA,NA,NA
"118",2020-07-01,NA,NA,NA,NA,NA,NA
"119",2020-07-02,NA,NA,NA,NA,NA,NA
"120",2020-07-03,NA,NA,NA,NA,NA,NA
"121",2020-07-06,NA,NA,NA,NA,NA,NA
"122",2020-07-07,NA,NA,NA,NA,NA,NA
"123",2020-07-08,NA,NA,NA,NA,NA,NA
"124",2020-07-09,NA,NA,NA,NA,NA,NA
"125",2020-07-10,NA,NA,NA,NA,NA,NA
"126",2020-07-13,NA,NA,NA,NA,NA,NA
"127",2020-07-14,NA,NA,NA,NA,NA,NA
"128",2020-07-15,NA,NA,NA,NA,NA,NA
"129",2020-07-16,NA,NA,NA,NA,NA,NA
"130",2020-07-17,NA,NA,NA,NA,NA,NA
"131",2020-07-20,NA,NA,NA,NA,NA,NA
"132",2020-07-21,NA,NA,NA,NA,NA,NA
"133",2020-07-22,NA,NA,NA,NA,NA,NA
"134",2020-07-23,NA,NA,NA,NA,NA,NA
"135",2020-07-24,NA,NA,NA,NA,NA,NA
"136",2020-07-27,NA,NA,NA,NA,NA,NA
"137",2020-07-28,NA,NA,NA,NA,NA,NA
"138",2020-07-29,NA,NA,NA,NA,NA,NA
"139",2020-07-30,NA,NA,NA,NA,NA,NA
"140",2020-07-31,NA,NA,NA,NA,NA,NA
"141",2020-08-03,NA,NA,NA,NA,NA,NA
"142",2020-08-04,NA,NA,NA,NA,NA,NA
"143",2020-08-05,NA,NA,NA,NA,NA,NA
"144",2020-08-06,NA,NA,NA,NA,NA,NA
"145",2020-08-07,NA,NA,NA,NA,NA,NA
"146",2020-08-10,NA,NA,NA,NA,NA,NA
"147",2020-08-11,NA,NA,NA,NA,NA,NA
"148",2020-08-12,NA,NA,NA,NA,NA,NA
"149",2020-08-13,NA,NA,NA,NA,NA,NA
"150",2020-08-14,NA,NA,NA,NA,NA,NA
"151",2020-08-17,NA,NA,NA,NA,NA,NA
"152",2020-08-18,NA,NA,NA,NA,NA,NA
"153",2020-08-19,NA,NA,NA,NA,NA,NA
"154",2020-08-20,NA,NA,NA,NA,NA,NA
"155",2020-08-21,NA,NA,NA,NA,NA,NA
"156",2020-08-24,NA,NA,NA,NA,NA,NA
"157",2020-08-25,NA,NA,NA,NA,NA,NA
"158",2020-08-26,NA,NA,NA,NA,NA,NA
"159",2020-08-27,NA,NA,NA,NA,NA,NA
"160",2020-08-28,NA,NA,NA,NA,NA,NA
"161",2020-08-31,NA,NA,NA,NA,NA,NA
"162",2020-09-01,NA,NA,NA,NA,NA,NA
"163",2020-09-02,NA,NA,NA,NA,NA,NA
"164",2020-09-03,NA,NA,NA,NA,NA,NA
"165",2020-09-04,NA,NA,NA,NA,NA,NA
"166",2020-09-07,NA,NA,NA,NA,NA,NA
"167",2020-09-08,NA,NA,NA,NA,NA,NA
"168",2020-09-09,NA,NA,NA,NA,NA,NA
"169",2020-09-10,NA,NA,NA,NA,NA,NA
"170",2020-09-11,NA,NA,NA,NA,NA,NA
"171",2020-09-14,NA,NA,NA,NA,NA,NA
"172",2020-09-15,NA,NA,NA,NA,NA,NA
"173",2020-09-16,NA,NA,NA,NA,NA,NA
"174",2020-09-17,NA,NA,NA,NA,NA,NA
"175",2020-09-18,NA,NA,NA,NA,NA,NA
"176",2020-09-21,NA,NA,NA,NA,NA,NA
"177",2020-09-22,NA,NA,NA,NA,NA,NA
"178",2020-09-23,NA,NA,NA,NA,NA,NA
"179",2020-09-24,NA,NA,NA,NA,NA,NA
"180",2020-09-25,NA,NA,NA,NA,NA,NA
"181",2020-09-28,NA,NA,NA,NA,NA,NA
"182",2020-09-29,NA,NA,NA,NA,NA,NA
"183",2020-09-30,NA,NA,NA,NA,NA,NA
"184",2020-10-09,NA,NA,NA,NA,NA,NA
"185",2020-10-12,NA,NA,NA,NA,NA,NA
"186",2020-10-13,NA,NA,NA,NA,NA,NA
"187",2020-10-14,NA,NA,NA,NA,NA,NA
"188",2020-10-15,NA,NA,NA,NA,NA,NA
"189",2020-10-16,NA,NA,NA,NA,NA,NA
"190",2020-10-19,NA,NA,NA,NA,NA,NA
"191",2020-10-20,NA,NA,NA,NA,NA,NA
"192",2020-10-21,NA,NA,NA,NA,NA,NA
"193",2020-10-22,NA,NA,NA,NA,NA,NA
"194",2020-10-23,NA,NA,NA,NA,NA,NA
"195",2020-10-26,NA,NA,NA,NA,NA,NA
"196",2020-10-27,NA,NA,NA,NA,NA,NA
"197",2020-10-28,NA,NA,NA,NA,NA,NA
"198",2020-10-29,NA,NA,NA,NA,NA,NA
"199",2020-10-30,NA,NA,NA,NA,NA,NA
"200",2020-11-02,NA,NA,NA,NA,NA,NA
"201",2020-11-03,NA,NA,NA,NA,NA,NA
"202",2020-11-04,NA,NA,NA,NA,NA,NA
"203",2020-11-05,NA,NA,NA,NA,NA,NA
"204",2020-11-06,NA,NA,16.1599998474121,NA,NA,NA
"205",2020-11-09,NA,NA,NA,NA,NA,NA
"206",2020-11-10,NA,NA,NA,NA,NA,NA
"207",2020-11-11,NA,NA,NA,NA,NA,NA
"208",2020-11-12,NA,NA,NA,NA,NA,NA
"209",2020-11-13,NA,NA,NA,NA,NA,NA
"210",2020-11-16,NA,NA,NA,NA,NA,NA
"211",2020-11-17,NA,NA,NA,NA,NA,NA
"212",2020-11-18,NA,NA,NA,NA,NA,NA
"213",2020-11-19,NA,NA,NA,NA,NA,NA
"214",2020-11-20,NA,NA,NA,NA,NA,NA
"215",2020-11-23,NA,NA,NA,NA,NA,NA
"216",2020-11-24,NA,NA,NA,NA,NA,NA
"217",2020-11-25,NA,NA,NA,NA,NA,NA
"218",2020-11-26,NA,NA,NA,NA,NA,NA
"219",2020-11-27,NA,NA,NA,NA,NA,NA
"220",2020-11-30,NA,NA,NA,NA,NA,NA
"221",2020-12-01,NA,NA,NA,NA,NA,NA
"222",2020-12-02,NA,NA,NA,NA,NA,NA
"223",2020-12-03,NA,NA,NA,NA,NA,NA
"224",2020-12-04,NA,NA,NA,NA,NA,NA
"225",2020-12-07,NA,NA,NA,16.5400009155273,NA,NA
"226",2020-12-08,NA,NA,NA,NA,NA,NA
"227",2020-12-09,NA,NA,NA,NA,NA,NA
"228",2020-12-10,NA,NA,NA,NA,NA,NA
"229",2020-12-11,NA,NA,NA,NA,NA,NA
"230",2020-12-14,NA,NA,NA,NA,NA,NA
"231",2020-12-15,NA,NA,NA,NA,NA,NA
"232",2020-12-16,NA,NA,NA,NA,NA,NA
"233",2020-12-17,NA,NA,NA,NA,NA,NA
"234",2020-12-18,NA,NA,NA,NA,NA,NA
"235",2020-12-21,NA,NA,NA,NA,NA,NA
"236",2020-12-22,NA,NA,NA,NA,NA,NA
"237",2020-12-23,NA,NA,NA,NA,NA,NA
"238",2020-12-24,NA,NA,NA,NA,NA,NA
"239",2020-12-25,NA,NA,NA,NA,NA,NA
"240",2020-12-28,NA,NA,NA,NA,NA,NA
"241",2020-12-29,NA,NA,NA,NA,NA,NA
"242",2020-12-30,NA,NA,NA,NA,NA,NA
"243",2020-12-31,NA,NA,NA,NA,NA,NA
"244",2021-01-04,NA,NA,NA,NA,NA,NA
"245",2021-01-05,NA,NA,NA,NA,NA,NA
"246",2021-01-06,NA,NA,NA,NA,NA,NA
"247",2021-01-07,NA,NA,NA,NA,NA,NA
"248",2021-01-08,NA,NA,NA,NA,NA,NA
"249",2021-01-11,NA,NA,NA,NA,NA,NA
"250",2021-01-12,NA,NA,NA,NA,NA,NA
"251",2021-01-13,NA,NA,NA,NA,NA,NA
"252",2021-01-14,NA,NA,15.4700002670288,NA,NA,NA
"253",2021-01-15,NA,NA,NA,NA,NA,NA
"254",2021-01-18,NA,NA,NA,NA,NA,NA
"255",2021-01-19,NA,NA,NA,NA,NA,NA
"256",2021-01-20,NA,NA,NA,NA,NA,NA
"257",2021-01-21,NA,NA,NA,NA,NA,NA
"258",2021-01-22,NA,NA,NA,NA,NA,NA
"259",2021-01-25,NA,NA,NA,14.6300001144409,NA,NA
"260",2021-01-26,NA,NA,NA,NA,NA,NA
"261",2021-01-27,NA,NA,NA,NA,NA,NA
"262",2021-01-28,NA,14.0500001907349,NA,NA,14.0500001907349,NA
"263",2021-01-29,NA,NA,NA,NA,13.8100004196167,NA
"264",2021-02-01,NA,NA,NA,NA,13.8199996948242,NA
"265",2021-02-02,NA,NA,NA,NA,NA,NA
"266",2021-02-03,NA,NA,NA,NA,13.7600002288818,NA
"267",2021-02-04,NA,NA,NA,NA,13.3800001144409,NA
"268",2021-02-05,NA,NA,NA,NA,NA,NA
"269",2021-02-08,NA,NA,NA,NA,NA,NA
"270",2021-02-09,NA,NA,NA,NA,NA,NA
"271",2021-02-10,NA,NA,NA,NA,NA,NA
"272",2021-02-18,NA,NA,14.3599996566772,NA,NA,NA
"273",2021-02-19,NA,NA,NA,NA,NA,NA
"274",2021-02-22,NA,NA,NA,NA,NA,NA
"275",2021-02-23,NA,NA,NA,NA,NA,NA
"276",2021-02-24,NA,NA,NA,NA,NA,NA
"277",2021-02-25,NA,NA,NA,NA,NA,NA
"278",2021-02-26,NA,NA,NA,NA,NA,NA
"279",2021-03-01,NA,NA,NA,NA,NA,NA
"280",2021-03-02,NA,NA,NA,NA,NA,NA
"281",2021-03-03,NA,NA,NA,NA,NA,NA
"282",2021-03-04,NA,NA,NA,NA,NA,NA
"283",2021-03-05,NA,NA,NA,NA,NA,NA
"284",2021-03-08,NA,NA,NA,NA,NA,NA
"285",2021-03-09,NA,NA,NA,NA,NA,NA
"286",2021-03-10,NA,NA,NA,NA,NA,NA
"287",2021-03-11,NA,NA,NA,15,NA,NA
"288",2021-03-12,NA,NA,NA,NA,NA,NA
"289",2021-03-15,NA,NA,NA,NA,NA,NA
"290",2021-03-16,NA,NA,NA,NA,NA,NA
"291",2021-03-17,NA,NA,NA,NA,NA,NA
"292",2021-03-18,NA,NA,NA,NA,NA,NA
"293",2021-03-19,NA,NA,NA,NA,NA,NA
"294",2021-03-22,NA,NA,NA,NA,NA,NA
"295",2021-03-23,NA,NA,NA,NA,NA,NA
"296",2021-03-24,NA,NA,NA,NA,NA,NA
"297",2021-03-25,NA,NA,NA,NA,NA,NA
"298",2021-03-26,NA,NA,NA,NA,NA,NA
"299",2021-03-29,NA,NA,NA,NA,NA,NA
"300",2021-03-30,NA,NA,NA,NA,NA,NA
"301",2021-03-31,NA,NA,NA,NA,NA,NA
"302",2021-04-01,NA,NA,NA,NA,NA,NA
"303",2021-04-02,NA,NA,NA,NA,NA,NA
"304",2021-04-06,NA,NA,NA,NA,NA,NA
"305",2021-04-07,NA,NA,NA,NA,NA,NA
"306",2021-04-08,NA,NA,NA,NA,NA,NA
"307",2021-04-09,NA,NA,NA,NA,NA,NA
"308",2021-04-12,NA,NA,NA,NA,NA,NA
"309",2021-04-13,NA,NA,NA,NA,NA,NA
"310",2021-04-14,NA,NA,14.3400001525879,NA,NA,NA
"311",2021-04-15,NA,NA,NA,NA,NA,NA
"312",2021-04-16,NA,NA,NA,NA,NA,NA
"313",2021-04-19,NA,NA,NA,NA,NA,NA
"314",2021-04-20,NA,NA,NA,NA,NA,NA
"315",2021-04-21,NA,NA,NA,NA,NA,NA
"316",2021-04-22,NA,NA,NA,NA,NA,NA
"317",2021-04-23,NA,NA,NA,NA,NA,NA
"318",2021-04-26,NA,NA,NA,NA,NA,NA
"319",2021-04-27,NA,NA,NA,NA,NA,NA
"320",2021-04-28,NA,NA,NA,NA,NA,NA
"321",2021-04-29,NA,NA,NA,NA,NA,NA
"322",2021-04-30,NA,NA,NA,NA,NA,NA
"323",2021-05-06,NA,NA,NA,13.960000038147,NA,NA
"324",2021-05-07,NA,NA,NA,NA,NA,NA
"325",2021-05-10,NA,NA,NA,NA,NA,NA
"326",2021-05-11,NA,NA,NA,NA,NA,NA
"327",2021-05-12,NA,NA,NA,NA,NA,NA
"328",2021-05-13,NA,NA,NA,NA,13.4399995803833,NA
"329",2021-05-14,NA,NA,NA,NA,NA,NA
"330",2021-05-17,NA,NA,NA,NA,NA,NA
"331",2021-05-18,NA,NA,NA,NA,NA,NA
"332",2021-05-19,NA,NA,NA,NA,NA,NA
"333",2021-05-20,NA,NA,NA,NA,NA,NA
"334",2021-05-21,NA,NA,NA,NA,NA,NA
"335",2021-05-24,NA,NA,NA,NA,13.0799999237061,NA
"336",2021-05-25,NA,NA,NA,NA,NA,NA
"337",2021-05-26,NA,NA,13.7200002670288,NA,NA,NA
"338",2021-05-27,NA,NA,NA,NA,NA,NA
"339",2021-05-28,NA,NA,NA,NA,NA,NA
"340",2021-05-31,NA,NA,NA,NA,NA,NA
"341",2021-06-01,NA,NA,NA,NA,NA,NA
"342",2021-06-02,NA,NA,NA,NA,NA,NA
"343",2021-06-03,NA,NA,NA,NA,NA,NA
"344",2021-06-04,NA,NA,NA,NA,NA,NA
"345",2021-06-07,NA,NA,NA,13.1000003814697,NA,NA
"346",2021-06-08,NA,NA,NA,NA,NA,NA
"347",2021-06-09,NA,NA,NA,NA,NA,NA
"348",2021-06-10,NA,NA,NA,NA,NA,NA
"349",2021-06-11,NA,NA,NA,NA,NA,NA
"350",2021-06-15,NA,NA,NA,NA,12.6800003051758,NA
"351",2021-06-16,NA,NA,NA,NA,NA,NA
"352",2021-06-17,NA,NA,NA,NA,NA,NA
"353",2021-06-18,NA,NA,NA,NA,NA,NA
"354",2021-06-21,NA,NA,NA,NA,12.5200004577637,NA
"355",2021-06-22,NA,NA,NA,NA,12.3000001907349,NA
"356",2021-06-23,NA,NA,NA,NA,NA,NA
"357",2021-06-24,NA,NA,NA,NA,NA,NA
"358",2021-06-25,NA,NA,NA,NA,NA,NA
"359",2021-06-28,NA,NA,NA,NA,12.1300001144409,NA
"360",2021-06-29,NA,NA,NA,NA,12,NA
"361",2021-06-30,NA,NA,NA,NA,12.039999961853,NA
"362",2021-07-01,NA,NA,NA,NA,NA,NA
"363",2021-07-02,NA,NA,NA,NA,NA,NA
"364",2021-07-05,NA,NA,NA,NA,NA,NA
"365",2021-07-06,NA,NA,NA,NA,NA,NA
"366",2021-07-07,NA,NA,12.1700000762939,NA,NA,NA
"367",2021-07-08,NA,NA,NA,NA,NA,NA
"368",2021-07-09,NA,NA,NA,NA,NA,NA
"369",2021-07-12,NA,NA,NA,NA,NA,NA
"370",2021-07-13,NA,NA,NA,NA,NA,NA
"371",2021-07-14,NA,NA,NA,NA,NA,NA
"372",2021-07-15,NA,NA,NA,NA,NA,NA
"373",2021-07-16,NA,NA,NA,NA,NA,NA
"374",2021-07-19,NA,NA,NA,11.4399995803833,11.4399995803833,NA
"375",2021-07-20,NA,NA,NA,NA,11.4099998474121,NA
"376",2021-07-21,NA,NA,NA,NA,11.210000038147,NA
"377",2021-07-22,NA,NA,NA,NA,11.289999961853,NA
"378",2021-07-23,NA,NA,NA,NA,11.1499996185303,NA
"379",2021-07-26,NA,NA,NA,NA,10.4099998474121,NA
"380",2021-07-27,NA,NA,NA,NA,10,NA
"381",2021-07-28,NA,NA,NA,NA,10.039999961853,NA
"382",2021-07-29,NA,NA,NA,NA,10.0200004577637,NA
"383",2021-07-30,NA,NA,NA,NA,10.0100002288818,NA
"384",2021-08-02,NA,NA,NA,NA,10.1899995803833,NA
"385",2021-08-03,NA,NA,NA,NA,10.0900001525879,NA
"386",2021-08-04,NA,NA,NA,NA,9.98999977111816,NA
"387",2021-08-05,NA,NA,NA,NA,NA,NA
"388",2021-08-06,NA,NA,10.75,NA,NA,NA
"389",2021-08-09,NA,NA,NA,NA,NA,NA
"390",2021-08-10,NA,NA,NA,NA,NA,NA
"391",2021-08-11,NA,NA,NA,NA,NA,NA
"392",2021-08-12,NA,NA,NA,NA,NA,NA
"393",2021-08-13,NA,NA,NA,NA,NA,NA
"394",2021-08-16,NA,NA,NA,NA,NA,NA
"395",2021-08-17,NA,NA,NA,NA,NA,NA
"396",2021-08-18,NA,NA,NA,NA,NA,NA
"397",2021-08-19,NA,NA,NA,NA,NA,NA
"398",2021-08-20,NA,NA,NA,NA,NA,NA
"399",2021-08-23,NA,NA,NA,NA,NA,NA
"400",2021-08-24,NA,NA,NA,NA,NA,NA
"401",2021-08-25,NA,NA,NA,NA,NA,NA
"402",2021-08-26,NA,NA,NA,NA,NA,NA
"403",2021-08-27,NA,NA,NA,11.1999998092651,NA,NA
"404",2021-08-30,NA,NA,NA,NA,NA,NA
"405",2021-08-31,NA,NA,NA,NA,NA,NA
"406",2021-09-01,NA,NA,NA,NA,NA,NA
"407",2021-09-02,NA,NA,12.4300003051758,NA,NA,NA
"408",2021-09-03,NA,NA,NA,NA,NA,NA
"409",2021-09-06,NA,NA,NA,NA,NA,NA
"410",2021-09-07,NA,NA,NA,NA,NA,NA
"411",2021-09-08,NA,NA,NA,NA,NA,NA
"412",2021-09-09,NA,NA,NA,NA,NA,NA
"413",2021-09-10,NA,NA,NA,NA,NA,NA
"414",2021-09-13,NA,NA,NA,NA,NA,NA
"415",2021-09-14,NA,NA,NA,NA,NA,NA
"416",2021-09-15,NA,NA,NA,NA,NA,NA
"417",2021-09-16,NA,NA,NA,NA,NA,NA
"418",2021-09-17,NA,NA,NA,NA,NA,NA
"419",2021-09-22,NA,NA,NA,NA,NA,NA
"420",2021-09-23,NA,NA,NA,NA,NA,NA
"421",2021-09-24,NA,NA,NA,NA,NA,NA
"422",2021-09-27,NA,NA,NA,NA,NA,NA
"423",2021-09-28,NA,NA,NA,NA,NA,NA
"424",2021-09-29,NA,NA,NA,NA,NA,NA
"425",2021-09-30,NA,NA,NA,NA,NA,NA
"426",2021-10-08,NA,NA,NA,NA,NA,NA
"427",2021-10-11,NA,NA,NA,NA,NA,NA
"428",2021-10-12,NA,NA,NA,NA,NA,NA
"429",2021-10-13,NA,NA,NA,NA,NA,NA
"430",2021-10-14,NA,NA,NA,13.5,NA,NA
"431",2021-10-15,NA,NA,NA,NA,NA,NA
"432",2021-10-18,NA,NA,NA,NA,NA,NA
"433",2021-10-19,NA,NA,NA,NA,NA,NA
"434",2021-10-20,NA,NA,NA,NA,NA,NA
"435",2021-10-21,NA,NA,NA,NA,NA,NA
"436",2021-10-22,NA,NA,NA,NA,NA,NA
"437",2021-10-25,NA,NA,NA,NA,NA,NA
"438",2021-10-26,NA,NA,NA,NA,NA,NA
"439",2021-10-27,NA,NA,NA,NA,NA,NA
"440",2021-10-28,NA,NA,NA,NA,NA,NA
"441",2021-10-29,NA,NA,NA,NA,NA,NA
"442",2021-11-01,NA,NA,NA,NA,NA,NA
"443",2021-11-02,NA,NA,NA,NA,NA,NA
"444",2021-11-03,NA,NA,NA,NA,NA,NA
"445",2021-11-04,NA,NA,NA,NA,NA,NA
"446",2021-11-05,NA,NA,NA,NA,NA,NA
"447",2021-11-08,NA,NA,NA,NA,NA,NA
"448",2021-11-09,NA,NA,NA,NA,NA,NA
"449",2021-11-10,NA,NA,NA,NA,NA,NA
"450",2021-11-11,NA,NA,14.8500003814697,NA,NA,NA
"451",2021-11-12,NA,NA,NA,NA,NA,NA
"452",2021-11-15,NA,NA,NA,NA,NA,NA
"453",2021-11-16,NA,NA,NA,NA,NA,NA
"454",2021-11-17,NA,NA,NA,NA,NA,NA
"455",2021-11-18,NA,NA,NA,NA,NA,NA
"456",2021-11-19,NA,NA,NA,NA,NA,NA
"457",2021-11-22,14.1099996566772,NA,NA,NA,NA,NA
"458",2021-11-23,NA,NA,NA,NA,NA,NA
"459",2021-11-24,NA,NA,NA,NA,NA,NA
"460",2021-11-25,NA,NA,NA,NA,NA,NA
"461",2021-11-26,NA,NA,NA,NA,NA,NA
"462",2021-11-29,NA,NA,NA,13.9499998092651,NA,NA
"463",2021-11-30,NA,NA,NA,NA,NA,NA
"464",2021-12-01,NA,NA,NA,NA,NA,NA
"465",2021-12-02,NA,NA,NA,NA,NA,NA
"466",2021-12-03,NA,NA,NA,NA,NA,NA
"467",2021-12-06,NA,NA,15.0600004196167,NA,NA,NA
"468",2021-12-07,NA,NA,NA,NA,NA,NA
"469",2021-12-08,NA,NA,NA,NA,NA,NA
"470",2021-12-09,NA,NA,NA,NA,NA,NA
"471",2021-12-10,NA,NA,NA,NA,NA,NA
"472",2021-12-13,NA,NA,NA,14.5,NA,NA
"473",2021-12-14,NA,NA,NA,NA,NA,NA
"474",2021-12-15,NA,NA,NA,NA,NA,NA
"475",2021-12-16,NA,NA,NA,NA,NA,NA
"476",2021-12-17,NA,NA,NA,NA,NA,NA
"477",2021-12-20,NA,NA,NA,NA,NA,NA
"478",2021-12-21,NA,NA,NA,NA,NA,NA
"479",2021-12-22,NA,NA,15.4799995422363,NA,NA,NA
"480",2021-12-23,NA,NA,NA,NA,NA,NA
"481",2021-12-24,NA,NA,NA,NA,NA,NA
"482",2021-12-27,NA,NA,NA,NA,NA,NA
"483",2021-12-28,NA,NA,NA,NA,NA,NA
"484",2021-12-29,NA,NA,NA,15.0500001907349,NA,NA
"485",2021-12-30,NA,NA,NA,NA,NA,NA
"486",2021-12-31,NA,NA,15.6300001144409,NA,NA,NA
"487",2022-01-04,NA,NA,NA,NA,NA,NA
"488",2022-01-05,NA,NA,NA,NA,NA,NA
"489",2022-01-06,NA,NA,NA,NA,NA,NA
"490",2022-01-07,NA,NA,NA,NA,NA,NA
"491",2022-01-10,NA,NA,NA,NA,NA,NA
"492",2022-01-11,NA,NA,NA,NA,NA,NA
"493",2022-01-12,NA,NA,NA,NA,NA,NA
"494",2022-01-13,NA,NA,NA,15.5500001907349,NA,NA
"495",2022-01-14,NA,NA,NA,NA,NA,NA
"496",2022-01-17,NA,NA,NA,NA,NA,NA
"497",2022-01-18,NA,NA,NA,NA,NA,NA
"498",2022-01-19,NA,NA,NA,NA,NA,NA
"499",2022-01-20,NA,NA,NA,NA,NA,NA
"500",2022-01-21,NA,NA,NA,NA,NA,NA
"501",2022-01-24,NA,NA,NA,NA,NA,NA
"502",2022-01-25,NA,NA,NA,NA,NA,NA
"503",2022-01-26,NA,NA,NA,NA,NA,NA
"504",2022-01-27,NA,NA,NA,NA,NA,NA
"505",2022-01-28,NA,NA,NA,NA,NA,NA
"506",2022-02-07,NA,NA,NA,NA,NA,NA
"507",2022-02-08,NA,NA,NA,NA,NA,NA
"508",2022-02-09,NA,NA,NA,NA,NA,NA
"509",2022-02-10,NA,NA,NA,NA,NA,NA
"510",2022-02-11,NA,NA,NA,NA,NA,NA
"511",2022-02-14,NA,NA,NA,NA,NA,NA
"512",2022-02-15,NA,NA,NA,NA,NA,NA
"513",2022-02-16,NA,NA,NA,NA,NA,NA
"514",2022-02-17,NA,NA,NA,NA,NA,NA
"515",2022-02-18,NA,NA,NA,NA,NA,NA
"516",2022-02-21,NA,NA,16.3400001525879,NA,NA,NA
"517",2022-02-22,NA,NA,NA,NA,NA,NA
"518",2022-02-23,NA,NA,NA,NA,NA,NA
"519",2022-02-24,NA,NA,NA,NA,NA,NA
"520",2022-02-25,NA,NA,NA,NA,NA,NA
"521",2022-02-28,NA,NA,NA,15.8199996948242,NA,NA
"522",2022-03-01,NA,NA,16.3500003814697,NA,NA,NA
"523",2022-03-02,NA,NA,NA,NA,NA,NA
"524",2022-03-03,NA,NA,NA,NA,NA,NA
"525",2022-03-04,NA,NA,NA,NA,NA,NA
"526",2022-03-07,NA,NA,NA,NA,NA,NA
"527",2022-03-08,NA,NA,NA,NA,NA,NA
"528",2022-03-09,NA,NA,NA,NA,NA,NA
"529",2022-03-10,NA,NA,NA,16.1599998474121,NA,NA
"530",2022-03-11,NA,NA,NA,NA,NA,NA
"531",2022-03-14,NA,NA,NA,NA,NA,NA
"532",2022-03-15,NA,NA,NA,NA,NA,NA
"533",2022-03-16,NA,NA,NA,NA,NA,NA
"534",2022-03-17,NA,NA,NA,NA,NA,NA
"535",2022-03-18,NA,NA,NA,NA,NA,NA
"536",2022-03-21,NA,NA,NA,NA,NA,NA
"537",2022-03-22,NA,NA,17.2199993133545,NA,NA,NA
"538",2022-03-23,NA,NA,NA,NA,NA,NA
"539",2022-03-24,NA,NA,NA,NA,NA,NA
"540",2022-03-25,NA,NA,NA,NA,NA,NA
"541",2022-03-28,NA,NA,NA,NA,NA,NA
"542",2022-03-29,NA,NA,NA,NA,NA,NA
"543",2022-03-30,NA,NA,NA,NA,NA,NA
"544",2022-03-31,NA,NA,NA,NA,NA,NA
"545",2022-04-01,NA,NA,NA,NA,NA,NA
"546",2022-04-06,NA,NA,NA,NA,NA,NA
"547",2022-04-07,NA,NA,NA,NA,NA,NA
"548",2022-04-08,NA,NA,NA,NA,NA,NA
"549",2022-04-11,NA,NA,NA,NA,NA,NA
"550",2022-04-12,NA,NA,NA,NA,NA,NA
"551",2022-04-13,NA,NA,NA,NA,NA,NA
"552",2022-04-14,NA,NA,NA,NA,NA,NA
"553",2022-04-15,NA,NA,NA,NA,NA,NA
"554",2022-04-18,NA,NA,NA,NA,NA,NA
"555",2022-04-19,NA,NA,NA,NA,NA,NA
"556",2022-04-20,NA,NA,NA,17.4300003051758,NA,NA
"557",2022-04-21,NA,NA,NA,NA,NA,NA
"558",2022-04-22,NA,NA,NA,NA,NA,NA
"559",2022-04-25,NA,NA,NA,NA,NA,NA
"560",2022-04-26,NA,NA,NA,NA,NA,NA
"561",2022-04-27,NA,NA,NA,NA,NA,NA
"562",2022-04-28,NA,NA,NA,NA,NA,NA
"563",2022-04-29,NA,NA,NA,NA,NA,NA
"564",2022-05-05,NA,NA,NA,NA,NA,NA
"565",2022-05-06,NA,NA,NA,NA,NA,NA
"566",2022-05-09,NA,NA,NA,NA,NA,NA
"567",2022-05-10,NA,NA,NA,NA,NA,NA
"568",2022-05-11,NA,NA,NA,NA,NA,NA
"569",2022-05-12,NA,NA,NA,NA,NA,NA
"570",2022-05-13,NA,NA,NA,NA,NA,NA
"571",2022-05-16,NA,NA,NA,NA,NA,NA
"572",2022-05-17,NA,NA,NA,NA,NA,NA
"573",2022-05-18,NA,NA,NA,NA,NA,NA
"574",2022-05-19,NA,NA,NA,NA,NA,NA
"575",2022-05-20,NA,NA,17.0400009155273,NA,NA,NA
"576",2022-05-23,NA,NA,NA,16.0900001525879,NA,NA
"577",2022-05-24,NA,NA,NA,NA,NA,NA
"578",2022-05-25,NA,NA,NA,NA,NA,NA
"579",2022-05-26,NA,NA,NA,NA,NA,NA
"580",2022-05-27,NA,NA,NA,NA,NA,NA
"581",2022-05-30,NA,NA,NA,NA,NA,NA
"582",2022-05-31,NA,NA,NA,NA,NA,NA
"583",2022-06-01,NA,NA,NA,NA,NA,NA
"584",2022-06-02,NA,NA,NA,NA,NA,NA
"585",2022-06-06,NA,NA,NA,NA,NA,NA
"586",2022-06-07,NA,NA,NA,NA,NA,NA
"587",2022-06-08,NA,NA,NA,NA,NA,NA
"588",2022-06-09,NA,NA,NA,NA,NA,NA
"589",2022-06-10,NA,NA,NA,NA,NA,NA
"590",2022-06-13,NA,NA,NA,NA,NA,NA
"591",2022-06-14,NA,NA,NA,NA,NA,NA
"592",2022-06-15,NA,NA,15.8699998855591,NA,NA,NA
"593",2022-06-16,NA,NA,NA,NA,NA,NA
"594",2022-06-17,NA,NA,NA,NA,NA,NA
"595",2022-06-20,NA,NA,NA,NA,NA,NA
"596",2022-06-21,NA,NA,NA,NA,NA,NA
"597",2022-06-22,NA,NA,NA,NA,NA,NA
"598",2022-06-23,NA,NA,NA,NA,NA,NA
"599",2022-06-24,NA,NA,NA,NA,NA,NA
"600",2022-06-27,NA,NA,NA,NA,NA,NA
"601",2022-06-28,NA,NA,NA,NA,NA,NA
"602",2022-06-29,NA,NA,NA,NA,NA,NA
"603",2022-06-30,NA,NA,NA,NA,NA,NA
"604",2022-07-01,NA,NA,NA,NA,NA,NA
"605",2022-07-04,NA,NA,NA,NA,NA,NA
"606",2022-07-05,NA,NA,NA,NA,NA,NA
"607",2022-07-06,NA,NA,NA,NA,NA,NA
"608",2022-07-07,NA,NA,NA,NA,NA,NA
"609",2022-07-08,NA,NA,NA,16.2199993133545,NA,NA
"610",2022-07-11,NA,NA,NA,NA,NA,NA
"611",2022-07-12,NA,NA,NA,NA,NA,NA
"612",2022-07-13,NA,NA,NA,NA,NA,NA
"613",2022-07-14,NA,NA,NA,NA,NA,NA
"614",2022-07-15,NA,NA,NA,NA,NA,NA
"615",2022-07-18,NA,NA,NA,NA,NA,NA
"616",2022-07-19,NA,NA,NA,NA,NA,NA
"617",2022-07-20,NA,NA,NA,NA,NA,NA
"618",2022-07-21,NA,NA,NA,NA,NA,NA
"619",2022-07-22,NA,NA,NA,NA,NA,NA
"620",2022-07-25,NA,NA,NA,NA,NA,NA
"621",2022-07-26,NA,NA,NA,NA,NA,NA
"622",2022-07-27,NA,NA,17.2199993133545,NA,NA,NA
"623",2022-07-28,NA,NA,NA,NA,NA,NA
"624",2022-07-29,NA,NA,NA,NA,NA,NA
"625",2022-08-01,NA,NA,NA,NA,NA,NA
"626",2022-08-02,NA,NA,NA,16.0400009155273,NA,NA
"627",2022-08-03,NA,NA,NA,NA,NA,NA
"628",2022-08-04,NA,NA,NA,NA,NA,NA
"629",2022-08-05,NA,NA,NA,NA,NA,NA
"630",2022-08-08,NA,NA,NA,NA,NA,NA
"631",2022-08-09,NA,NA,NA,NA,NA,NA
"632",2022-08-10,NA,NA,NA,NA,NA,NA
"633",2022-08-11,NA,NA,NA,NA,NA,NA
"634",2022-08-12,NA,NA,NA,NA,NA,NA
"635",2022-08-15,NA,NA,NA,NA,NA,NA
"636",2022-08-16,NA,NA,NA,NA,NA,NA
"637",2022-08-17,NA,NA,16.3600006103516,NA,NA,NA
"638",2022-08-18,NA,NA,NA,NA,NA,NA
"639",2022-08-19,NA,NA,NA,NA,NA,NA
"640",2022-08-22,NA,NA,NA,NA,NA,NA
"641",2022-08-23,NA,NA,NA,NA,NA,NA
"642",2022-08-24,NA,NA,NA,NA,NA,NA
"643",2022-08-25,NA,NA,NA,NA,NA,NA
"644",2022-08-26,NA,NA,NA,NA,NA,NA
"645",2022-08-29,NA,NA,NA,NA,NA,NA
"646",2022-08-30,NA,NA,NA,NA,NA,NA
"647",2022-08-31,NA,NA,NA,NA,NA,NA
"648",2022-09-01,NA,NA,NA,NA,NA,NA
"649",2022-09-02,NA,NA,NA,NA,NA,NA
"650",2022-09-05,NA,NA,NA,NA,NA,NA
"651",2022-09-06,NA,NA,NA,NA,NA,NA
"652",2022-09-07,NA,NA,NA,NA,NA,NA
"653",2022-09-08,NA,NA,NA,NA,NA,NA
"654",2022-09-09,NA,NA,NA,NA,NA,18.4699993133545
"655",2022-09-13,NA,NA,NA,NA,NA,NA
"656",2022-09-14,NA,NA,NA,NA,NA,NA
"657",2022-09-15,NA,NA,NA,NA,NA,18.8500003814697
"658",2022-09-16,NA,NA,NA,NA,NA,NA
"659",2022-09-19,NA,NA,NA,NA,NA,NA
"660",2022-09-20,NA,NA,NA,NA,NA,NA
"661",2022-09-21,NA,NA,NA,17.8299999237061,NA,NA
"662",2022-09-22,NA,NA,NA,NA,NA,NA
"663",2022-09-23,NA,NA,NA,NA,NA,NA
"664",2022-09-26,NA,NA,NA,NA,NA,NA
"665",2022-09-27,NA,NA,NA,NA,NA,NA
"666",2022-09-28,NA,NA,NA,NA,NA,NA
"667",2022-09-29,NA,NA,NA,NA,NA,NA
"668",2022-09-30,NA,NA,NA,NA,NA,NA
"669",2022-10-10,NA,NA,NA,NA,NA,NA
"670",2022-10-11,NA,NA,NA,NA,NA,NA
"671",2022-10-12,NA,NA,NA,NA,NA,NA
"672",2022-10-13,NA,NA,NA,NA,NA,NA
"673",2022-10-14,NA,NA,NA,NA,NA,NA
"674",2022-10-17,NA,NA,NA,NA,NA,NA
"675",2022-10-18,NA,NA,NA,NA,NA,NA
"676",2022-10-19,NA,NA,NA,NA,NA,NA
"677",2022-10-20,NA,NA,NA,NA,NA,NA
"678",2022-10-21,NA,NA,NA,NA,NA,NA
"679",2022-10-24,NA,NA,NA,NA,NA,NA
"680",2022-10-25,NA,NA,NA,NA,NA,NA
"681",2022-10-26,NA,NA,NA,NA,NA,NA
"682",2022-10-27,NA,NA,NA,NA,NA,NA
"683",2022-10-28,NA,NA,NA,NA,NA,NA
"684",2022-10-31,NA,NA,NA,NA,13.8000001907349,NA
"685",2022-11-01,NA,NA,NA,NA,13.6099996566772,NA
"686",2022-11-02,NA,NA,NA,NA,13.9700002670288,NA
"687",2022-11-03,NA,NA,NA,NA,13.6599998474121,NA
"688",2022-11-04,NA,NA,NA,NA,NA,NA
"689",2022-11-07,NA,NA,NA,NA,NA,NA
"690",2022-11-08,NA,NA,NA,NA,NA,NA
"691",2022-11-09,NA,NA,NA,NA,NA,NA
"692",2022-11-10,NA,NA,NA,NA,NA,NA
"693",2022-11-11,NA,NA,15.8299999237061,NA,NA,NA
"694",2022-11-14,NA,NA,NA,NA,NA,NA
"695",2022-11-15,NA,NA,NA,NA,NA,NA
"696",2022-11-16,NA,NA,NA,NA,NA,NA
"697",2022-11-17,NA,NA,NA,NA,NA,NA
"698",2022-11-18,NA,NA,NA,NA,NA,NA
"699",2022-11-21,NA,NA,NA,NA,NA,NA
"700",2022-11-22,NA,NA,NA,NA,NA,NA
"701",2022-11-23,NA,NA,NA,NA,NA,NA
"702",2022-11-24,NA,15.9300003051758,NA,NA,NA,NA
"703",2022-11-25,NA,NA,NA,NA,NA,NA
"704",2022-11-28,NA,NA,NA,NA,NA,NA
"705",2022-11-29,NA,NA,NA,NA,NA,NA
"706",2022-11-30,NA,NA,NA,NA,NA,NA
"707",2022-12-01,NA,NA,NA,NA,NA,NA
"708",2022-12-02,NA,NA,NA,NA,NA,NA
"709",2022-12-05,NA,NA,NA,NA,NA,NA
"710",2022-12-06,NA,NA,NA,NA,NA,NA
"711",2022-12-07,NA,NA,NA,NA,NA,NA
"712",2022-12-08,NA,NA,NA,15.9499998092651,NA,NA
"713",2022-12-09,NA,NA,NA,NA,NA,NA
"714",2022-12-12,NA,NA,NA,NA,NA,NA
"715",2022-12-13,NA,NA,NA,NA,NA,NA
"716",2022-12-14,NA,NA,NA,NA,NA,NA
"717",2022-12-15,NA,NA,NA,NA,NA,NA
"718",2022-12-16,NA,NA,NA,NA,NA,NA
"719",2022-12-19,NA,NA,NA,NA,NA,NA
"720",2022-12-20,NA,NA,NA,NA,NA,NA
"721",2022-12-21,NA,NA,NA,NA,NA,NA
"722",2022-12-22,NA,NA,NA,NA,NA,NA
"723",2022-12-23,NA,NA,NA,NA,NA,NA
"724",2022-12-26,NA,NA,NA,NA,NA,NA
"725",2022-12-27,NA,NA,NA,NA,NA,NA
"726",2022-12-28,NA,NA,NA,NA,NA,NA
"727",2022-12-29,NA,NA,NA,NA,NA,NA
"728",2022-12-30,NA,NA,NA,NA,NA,NA
"729",2023-01-03,NA,NA,NA,NA,NA,NA
"730",2023-01-04,NA,NA,16.0200004577637,NA,NA,NA
"731",2023-01-05,NA,NA,NA,NA,NA,NA
"732",2023-01-06,NA,NA,NA,NA,NA,NA
"733",2023-01-09,NA,NA,NA,NA,NA,NA
"734",2023-01-10,NA,NA,NA,NA,NA,NA
"735",2023-01-11,NA,NA,NA,NA,NA,NA
"736",2023-01-12,NA,NA,NA,NA,NA,NA
"737",2023-01-13,NA,NA,NA,NA,NA,NA
"738",2023-01-16,NA,NA,NA,NA,NA,NA
"739",2023-01-17,NA,NA,NA,NA,NA,NA
"740",2023-01-18,NA,NA,NA,NA,NA,NA
"741",2023-01-19,NA,NA,NA,NA,NA,NA
"742",2023-01-20,NA,NA,NA,NA,NA,NA
"743",2023-01-30,NA,NA,NA,15.5200004577637,NA,NA
"744",2023-01-31,NA,NA,NA,NA,NA,NA
"745",2023-02-01,NA,NA,NA,NA,NA,NA
"746",2023-02-02,NA,NA,NA,NA,NA,NA
"747",2023-02-03,NA,NA,NA,NA,NA,NA
"748",2023-02-06,NA,NA,NA,NA,NA,NA
"749",2023-02-07,NA,NA,NA,NA,NA,NA
"750",2023-02-08,NA,NA,NA,NA,NA,NA
"751",2023-02-09,NA,NA,NA,NA,NA,NA
"752",2023-02-10,NA,NA,15.7799997329712,NA,NA,NA
"753",2023-02-13,NA,NA,NA,NA,NA,NA
"754",2023-02-14,NA,NA,NA,NA,NA,NA
"755",2023-02-15,NA,NA,NA,15.1199998855591,NA,NA
"756",2023-02-16,NA,NA,NA,NA,NA,NA
"757",2023-02-17,NA,NA,NA,NA,NA,NA
"758",2023-02-20,NA,NA,NA,NA,NA,NA
"759",2023-02-21,NA,NA,NA,NA,NA,NA
"760",2023-02-22,NA,NA,NA,NA,NA,NA
"761",2023-02-23,NA,NA,NA,NA,NA,NA
"762",2023-02-24,NA,NA,NA,NA,NA,NA
"763",2023-02-27,NA,NA,NA,NA,NA,NA
"764",2023-02-28,NA,NA,NA,NA,NA,NA
"765",2023-03-01,NA,NA,NA,NA,NA,NA
"766",2023-03-02,NA,NA,NA,NA,NA,NA
"767",2023-03-03,NA,NA,NA,NA,NA,NA
"768",2023-03-06,NA,NA,NA,NA,NA,NA
"769",2023-03-07,NA,NA,NA,NA,NA,NA
"770",2023-03-08,NA,NA,NA,NA,NA,NA
"771",2023-03-09,NA,NA,NA,NA,NA,NA
"772",2023-03-10,NA,NA,NA,NA,NA,NA
"773",2023-03-13,NA,NA,NA,NA,NA,NA
"774",2023-03-14,NA,NA,NA,NA,NA,NA
"775",2023-03-15,NA,NA,NA,NA,NA,NA
"776",2023-03-16,NA,NA,NA,NA,NA,NA
"777",2023-03-17,NA,NA,NA,NA,NA,NA
"778",2023-03-20,NA,NA,NA,NA,NA,NA
"779",2023-03-21,NA,NA,NA,NA,NA,NA
"780",2023-03-22,NA,NA,14.4899997711182,NA,NA,NA
"781",2023-03-23,NA,NA,NA,NA,NA,NA
"782",2023-03-24,NA,NA,NA,NA,NA,NA
"783",2023-03-27,NA,NA,NA,NA,NA,NA
"784",2023-03-28,NA,NA,NA,NA,NA,NA
"785",2023-03-29,NA,NA,NA,NA,NA,NA
"786",2023-03-30,NA,NA,NA,NA,NA,NA
"787",2023-03-31,NA,NA,NA,NA,NA,NA
"788",2023-04-03,NA,NA,NA,NA,NA,NA
"789",2023-04-04,NA,NA,NA,NA,NA,NA
"790",2023-04-06,NA,NA,NA,NA,NA,NA
"791",2023-04-07,NA,NA,NA,NA,NA,NA
"792",2023-04-10,NA,NA,NA,NA,NA,NA
"793",2023-04-11,NA,NA,NA,NA,NA,NA
"794",2023-04-12,NA,NA,NA,NA,NA,NA
"795",2023-04-13,NA,NA,NA,NA,NA,NA
"796",2023-04-14,NA,NA,NA,NA,NA,NA
"797",2023-04-17,NA,NA,NA,NA,NA,NA
"798",2023-04-18,NA,NA,NA,NA,NA,NA
"799",2023-04-19,NA,NA,NA,NA,NA,NA
"800",2023-04-20,NA,NA,NA,14.2700004577637,NA,NA
"801",2023-04-21,NA,NA,NA,NA,NA,NA
"802",2023-04-24,NA,NA,NA,NA,NA,NA
"803",2023-04-25,NA,NA,NA,NA,NA,NA
"804",2023-04-26,NA,NA,NA,NA,NA,NA
"805",2023-04-27,NA,NA,NA,NA,NA,NA
"806",2023-04-28,NA,NA,NA,NA,NA,NA
"807",2023-05-04,NA,NA,NA,NA,NA,NA
"808",2023-05-05,NA,NA,NA,NA,NA,NA
"809",2023-05-08,NA,NA,NA,NA,NA,NA
"810",2023-05-09,NA,NA,14.7600002288818,NA,NA,NA
"811",2023-05-10,NA,NA,NA,NA,NA,NA
"812",2023-05-11,NA,NA,NA,NA,NA,NA
"813",2023-05-12,NA,NA,NA,NA,NA,NA
"814",2023-05-15,NA,NA,NA,NA,NA,NA
"815",2023-05-16,NA,NA,NA,13.960000038147,NA,NA
"816",2023-05-17,NA,NA,NA,NA,NA,NA
"817",2023-05-18,NA,NA,NA,NA,NA,NA
"818",2023-05-19,NA,NA,NA,NA,NA,NA
"819",2023-05-22,NA,NA,NA,NA,NA,NA
"820",2023-05-23,NA,NA,NA,NA,NA,NA
"821",2023-05-24,NA,NA,NA,NA,12.8800001144409,NA
"822",2023-05-25,NA,NA,NA,NA,12.8299999237061,NA
"823",2023-05-26,NA,NA,NA,NA,NA,NA
"824",2023-05-29,NA,NA,NA,NA,NA,NA
"825",2023-05-30,NA,NA,NA,NA,NA,NA
"826",2023-05-31,NA,NA,NA,NA,12.7399997711182,NA
"827",2023-06-01,NA,NA,NA,NA,NA,NA
"828",2023-06-02,NA,NA,NA,NA,NA,NA
"829",2023-06-05,NA,NA,13.5200004577637,NA,NA,NA
"830",2023-06-06,NA,NA,NA,NA,NA,NA
"831",2023-06-07,NA,NA,NA,NA,NA,NA
"832",2023-06-08,NA,NA,NA,NA,NA,NA
"833",2023-06-09,NA,NA,NA,NA,NA,NA
"834",2023-06-12,NA,NA,NA,NA,NA,NA
"835",2023-06-13,NA,NA,NA,NA,NA,NA
"836",2023-06-14,NA,NA,NA,NA,NA,NA
"837",2023-06-15,NA,NA,NA,NA,NA,NA
"838",2023-06-16,NA,NA,NA,NA,NA,NA
"839",2023-06-19,NA,NA,NA,NA,NA,NA
"840",2023-06-20,NA,NA,NA,NA,NA,NA
"841",2023-06-21,NA,NA,NA,NA,NA,NA
"842",2023-06-26,NA,NA,NA,13.0200004577637,NA,NA
"843",2023-06-27,NA,NA,13.4300003051758,NA,NA,NA
"844",2023-06-28,NA,NA,NA,NA,NA,NA
"845",2023-06-29,NA,NA,NA,NA,NA,NA
"846",2023-06-30,NA,NA,NA,13.0299997329712,NA,NA
"847",2023-07-03,NA,NA,NA,NA,NA,NA
"848",2023-07-04,NA,NA,NA,NA,NA,NA
"849",2023-07-05,NA,NA,NA,NA,NA,NA
"850",2023-07-06,NA,NA,NA,NA,NA,NA
"851",2023-07-07,NA,NA,NA,NA,NA,NA
"852",2023-07-10,NA,NA,NA,NA,NA,NA
"853",2023-07-11,NA,NA,NA,NA,NA,NA
"854",2023-07-12,NA,NA,NA,NA,NA,NA
"855",2023-07-13,NA,NA,NA,NA,NA,NA
"856",2023-07-14,NA,NA,NA,NA,NA,NA
"857",2023-07-17,NA,NA,NA,NA,NA,NA
"858",2023-07-18,NA,NA,NA,NA,NA,NA
"859",2023-07-19,NA,NA,12.75,NA,NA,NA
"860",2023-07-20,NA,NA,NA,NA,NA,NA
"861",2023-07-21,NA,NA,NA,NA,NA,NA
"862",2023-07-24,NA,NA,NA,NA,NA,NA
"863",2023-07-25,NA,NA,NA,NA,NA,NA
"864",2023-07-26,NA,NA,NA,NA,NA,NA
"865",2023-07-27,NA,NA,NA,NA,NA,NA
"866",2023-07-28,NA,NA,NA,NA,NA,14.3900003433228
"867",2023-07-31,NA,NA,NA,NA,NA,NA
"868",2023-08-01,NA,NA,NA,NA,NA,NA
"869",2023-08-02,NA,NA,NA,NA,NA,NA
"870",2023-08-03,NA,NA,NA,NA,NA,NA
"871",2023-08-04,NA,NA,NA,NA,NA,NA
"872",2023-08-07,NA,NA,NA,NA,NA,NA
"873",2023-08-08,NA,NA,NA,NA,NA,NA
"874",2023-08-09,NA,NA,NA,NA,NA,NA
"875",2023-08-10,NA,NA,NA,NA,NA,NA
"876",2023-08-11,NA,NA,NA,NA,NA,NA
"877",2023-08-14,NA,NA,NA,14.0100002288818,NA,NA
"878",2023-08-15,NA,NA,NA,NA,NA,NA
"879",2023-08-16,NA,NA,NA,NA,NA,NA
"880",2023-08-17,NA,NA,NA,NA,NA,NA
"881",2023-08-18,NA,NA,NA,NA,NA,NA
"882",2023-08-21,NA,NA,NA,NA,NA,NA
"883",2023-08-22,NA,NA,NA,NA,NA,NA
"884",2023-08-23,NA,NA,NA,NA,NA,NA
"885",2023-08-24,NA,NA,NA,NA,NA,NA
"886",2023-08-25,NA,NA,NA,NA,NA,NA
"887",2023-08-28,NA,NA,NA,NA,NA,NA
"888",2023-08-29,NA,NA,NA,NA,NA,NA
"889",2023-08-30,NA,NA,14.75,NA,NA,NA
"890",2023-08-31,NA,NA,NA,NA,NA,NA
"891",2023-09-01,NA,NA,NA,14.25,NA,NA
"892",2023-09-04,NA,NA,NA,NA,NA,NA
"893",2023-09-05,NA,NA,NA,NA,NA,NA
"894",2023-09-06,NA,NA,NA,NA,NA,NA
"895",2023-09-07,NA,NA,NA,NA,NA,NA
"896",2023-09-08,NA,NA,NA,NA,NA,NA
"897",2023-09-11,NA,NA,NA,NA,NA,NA
"898",2023-09-12,NA,NA,NA,NA,NA,NA
"899",2023-09-13,NA,NA,NA,NA,NA,NA
"900",2023-09-14,NA,NA,NA,NA,NA,NA
"901",2023-09-15,NA,NA,NA,NA,NA,NA
"902",2023-09-18,NA,NA,NA,NA,NA,NA
"903",2023-09-19,NA,NA,NA,NA,NA,NA
"904",2023-09-20,NA,NA,NA,NA,NA,NA
"905",2023-09-21,NA,NA,NA,NA,NA,NA
"906",2023-09-22,NA,NA,NA,NA,NA,NA
"907",2023-09-25,NA,NA,NA,NA,NA,NA
"908",2023-09-26,NA,NA,NA,NA,NA,NA
"909",2023-09-27,NA,NA,NA,NA,NA,NA
"910",2023-09-28,NA,NA,NA,NA,NA,NA
"911",2023-10-09,NA,NA,NA,NA,NA,NA
"912",2023-10-10,NA,NA,NA,NA,12.4899997711182,NA
"913",2023-10-11,NA,NA,NA,NA,12.4200000762939,NA
"914",2023-10-12,NA,NA,NA,NA,NA,NA
"915",2023-10-13,NA,NA,NA,NA,NA,NA
"916",2023-10-16,NA,NA,NA,NA,12.1000003814697,NA
"917",2023-10-17,NA,NA,NA,NA,12.0200004577637,NA
"918",2023-10-18,NA,NA,NA,NA,11.9799995422363,NA
"919",2023-10-19,NA,NA,NA,NA,11.6300001144409,NA
"920",2023-10-20,NA,NA,NA,NA,11.5299997329712,NA
"921",2023-10-23,NA,NA,NA,NA,11.4099998474121,NA
"922",2023-10-24,NA,NA,NA,NA,11.4499998092651,NA
"923",2023-10-25,NA,NA,NA,NA,11.3900003433228,NA
"924",2023-10-26,NA,NA,NA,NA,11.2399997711182,NA
"925",2023-10-27,NA,NA,NA,NA,11.2299995422363,NA
"926",2023-10-30,NA,NA,NA,NA,10.8999996185303,NA
"927",2023-10-31,NA,NA,NA,NA,11.0200004577637,NA
"928",2023-11-01,NA,NA,NA,NA,10.9399995803833,NA
"929",2023-11-02,NA,NA,NA,NA,10.8900003433228,NA
"930",2023-11-03,NA,NA,NA,NA,10.8000001907349,NA
"931",2023-11-06,NA,NA,NA,NA,NA,NA
"932",2023-11-07,NA,NA,11.1099996566772,NA,NA,NA
"933",2023-11-08,NA,NA,NA,NA,NA,NA
"934",2023-11-09,NA,NA,NA,NA,NA,NA
"935",2023-11-10,NA,NA,NA,NA,NA,NA
"936",2023-11-13,NA,NA,NA,NA,NA,NA
"937",2023-11-14,NA,NA,NA,NA,NA,NA
"938",2023-11-15,NA,NA,NA,NA,NA,NA
"939",2023-11-16,NA,NA,NA,NA,NA,NA
"940",2023-11-17,NA,NA,NA,NA,10.8400001525879,NA
"941",2023-11-20,NA,NA,NA,NA,10.7799997329712,NA
"942",2023-11-21,NA,NA,NA,NA,NA,NA
"943",2023-11-22,NA,NA,NA,NA,NA,NA
"944",2023-11-23,NA,NA,NA,NA,NA,NA
"945",2023-11-24,NA,NA,NA,NA,NA,NA
"946",2023-11-27,NA,NA,NA,NA,NA,NA
"947",2023-11-28,NA,NA,NA,NA,NA,NA
"948",2023-11-29,NA,NA,NA,NA,10.3500003814697,NA
"949",2023-11-30,NA,NA,NA,10.2600002288818,10.2600002288818,NA
"950",2023-12-01,NA,NA,NA,NA,10.25,NA
"951",2023-12-04,NA,NA,NA,NA,9.96000003814697,NA
"952",2023-12-05,NA,NA,NA,NA,9.65999984741211,NA
"953",2023-12-06,NA,NA,NA,NA,9.85000038146973,NA
"954",2023-12-07,NA,NA,NA,NA,9.85999965667725,NA
"955",2023-12-08,NA,NA,NA,NA,9.77000045776367,NA
"956",2023-12-11,NA,NA,NA,NA,9.60999965667725,NA
"957",2023-12-12,NA,NA,NA,NA,NA,NA
"958",2023-12-13,NA,NA,10.1199998855591,NA,NA,NA
"959",2023-12-14,NA,NA,NA,NA,NA,NA
"960",2023-12-15,NA,NA,NA,NA,NA,NA
"961",2023-12-18,NA,NA,NA,NA,NA,NA
"962",2023-12-19,NA,NA,NA,NA,NA,NA
"963",2023-12-20,NA,NA,NA,NA,NA,NA
"964",2023-12-21,NA,NA,NA,NA,NA,NA
"965",2023-12-22,NA,NA,NA,NA,NA,NA
"966",2023-12-25,NA,NA,NA,NA,NA,NA
"967",2023-12-26,NA,NA,NA,NA,NA,NA
"968",2023-12-27,NA,NA,NA,9.48999977111816,NA,NA
"969",2023-12-28,NA,NA,9.94999980926514,NA,NA,NA
"970",2023-12-29,NA,NA,NA,NA,NA,NA
"971",2024-01-02,NA,NA,NA,NA,NA,NA
"972",2024-01-03,NA,NA,NA,9.40999984741211,NA,NA
"973",2024-01-04,NA,NA,NA,NA,NA,NA
"974",2024-01-05,NA,NA,NA,NA,NA,NA
"975",2024-01-08,NA,NA,NA,NA,NA,NA
"976",2024-01-09,NA,NA,NA,NA,NA,NA
"977",2024-01-10,NA,NA,NA,NA,NA,NA
"978",2024-01-11,NA,NA,NA,NA,NA,NA
"979",2024-01-12,NA,NA,NA,NA,NA,NA
"980",2024-01-15,NA,NA,NA,NA,NA,NA
"981",2024-01-16,NA,NA,NA,NA,NA,NA
"982",2024-01-17,NA,NA,NA,NA,8.67000007629395,NA
"983",2024-01-18,NA,NA,NA,NA,NA,NA
"984",2024-01-19,NA,NA,NA,NA,NA,NA
"985",2024-01-22,NA,NA,NA,NA,NA,NA
"986",2024-01-23,NA,NA,NA,NA,NA,NA
"987",2024-01-24,NA,NA,8.97999954223633,NA,NA,NA
"988",2024-01-25,NA,NA,NA,NA,NA,NA
"989",2024-01-26,NA,NA,NA,NA,NA,NA
"990",2024-01-29,NA,NA,NA,NA,NA,NA
"991",2024-01-30,NA,NA,NA,NA,NA,NA
"992",2024-01-31,NA,NA,NA,NA,NA,NA
"993",2024-02-01,NA,NA,NA,NA,NA,NA
"994",2024-02-02,NA,NA,NA,NA,NA,NA
"995",2024-02-05,NA,NA,NA,NA,NA,NA
"996",2024-02-06,NA,NA,NA,NA,NA,NA
"997",2024-02-07,NA,NA,NA,NA,NA,NA
"998",2024-02-08,NA,NA,NA,NA,NA,NA
"999",2024-02-19,NA,NA,NA,NA,NA,NA
"1000",2024-02-20,NA,NA,NA,NA,NA,NA
"1001",2024-02-21,NA,NA,NA,NA,NA,NA
"1002",2024-02-22,NA,NA,NA,NA,NA,NA
"1003",2024-02-23,NA,NA,NA,NA,NA,NA
"1004",2024-02-26,NA,NA,NA,NA,NA,NA
"1005",2024-02-27,NA,NA,NA,NA,NA,NA
"1006",2024-02-28,NA,NA,NA,NA,NA,NA
"1007",2024-02-29,NA,NA,NA,NA,NA,NA
"1008",2024-03-01,NA,NA,NA,9.57999992370605,NA,NA
"1009",2024-03-04,NA,NA,NA,NA,NA,NA
"1010",2024-03-05,NA,NA,NA,NA,NA,NA
"1011",2024-03-06,NA,NA,NA,NA,NA,NA
"1012",2024-03-07,NA,NA,NA,NA,NA,NA
"1013",2024-03-08,NA,NA,NA,NA,NA,NA
"1014",2024-03-11,NA,NA,NA,NA,NA,NA
"1015",2024-03-12,NA,NA,NA,NA,NA,NA
"1016",2024-03-13,NA,NA,9.67000007629395,NA,NA,NA
"1017",2024-03-14,NA,NA,NA,NA,NA,NA
"1018",2024-03-15,NA,NA,NA,NA,NA,NA
"1019",2024-03-18,NA,NA,NA,NA,NA,NA
"1020",2024-03-19,NA,NA,NA,9.31999969482422,NA,NA
"1021",2024-03-20,NA,NA,NA,NA,NA,NA
"1022",2024-03-21,NA,NA,NA,NA,NA,NA
"1023",2024-03-22,NA,NA,NA,NA,NA,NA
"1024",2024-03-25,NA,NA,NA,NA,NA,NA
"1025",2024-03-26,NA,NA,9.71000003814697,NA,NA,NA
"1026",2024-03-27,NA,NA,NA,NA,NA,NA
"1027",2024-03-28,NA,NA,NA,9.35000038146973,NA,NA
"1028",2024-03-29,NA,NA,NA,NA,NA,NA
"1029",2024-04-01,NA,NA,NA,NA,NA,NA
"1030",2024-04-02,NA,NA,NA,NA,NA,NA
"1031",2024-04-03,NA,NA,NA,NA,NA,NA
"1032",2024-04-08,NA,NA,NA,NA,NA,NA
"1033",2024-04-09,NA,NA,NA,NA,NA,NA
"1034",2024-04-10,NA,NA,NA,NA,8.13000011444092,NA
"1035",2024-04-11,NA,NA,NA,NA,8.17000007629395,NA
"1036",2024-04-12,NA,NA,NA,NA,7.90000009536743,NA
"1037",2024-04-15,NA,NA,NA,NA,7.92999982833862,NA
"1038",2024-04-16,NA,NA,NA,NA,8,NA
"1039",2024-04-17,NA,NA,NA,NA,NA,NA
"1040",2024-04-18,NA,NA,NA,NA,NA,NA
"1041",2024-04-19,NA,NA,NA,NA,NA,NA
"1042",2024-04-22,NA,NA,NA,NA,NA,NA
"1043",2024-04-23,NA,NA,NA,NA,NA,NA
"1044",2024-04-24,NA,NA,NA,NA,NA,NA
"1045",2024-04-25,NA,NA,NA,NA,NA,NA
"1046",2024-04-26,NA,NA,8.64000034332275,NA,NA,NA
"1047",2024-04-29,NA,NA,NA,NA,NA,NA
"1048",2024-04-30,NA,NA,NA,NA,NA,NA
"1049",2024-05-06,NA,NA,NA,NA,NA,NA
"1050",2024-05-07,NA,NA,NA,NA,NA,NA
"1051",2024-05-08,NA,NA,NA,NA,NA,NA
"1052",2024-05-09,NA,NA,NA,NA,NA,NA
"1053",2024-05-10,NA,NA,NA,NA,NA,NA
"1054",2024-05-13,NA,NA,NA,NA,NA,NA
"1055",2024-05-14,NA,NA,NA,NA,NA,NA
"1056",2024-05-15,NA,NA,NA,NA,NA,NA
"1057",2024-05-16,NA,NA,NA,NA,NA,NA
"1058",2024-05-17,NA,NA,NA,NA,NA,11.1999998092651
"1059",2024-05-20,NA,NA,NA,NA,NA,11.0799999237061
"1060",2024-05-21,NA,NA,NA,NA,NA,11.1899995803833
"1061",2024-05-22,NA,NA,NA,NA,NA,11.2799997329712
"1062",2024-05-23,NA,NA,NA,NA,NA,NA
"1063",2024-05-24,NA,NA,NA,NA,NA,NA
"1064",2024-05-27,NA,NA,NA,NA,NA,NA
"1065",2024-05-28,NA,NA,NA,NA,NA,NA
"1066",2024-05-29,NA,NA,NA,10.4399995803833,NA,NA
"1067",2024-05-30,NA,NA,NA,NA,NA,NA
"1068",2024-05-31,NA,NA,NA,NA,NA,NA
"1069",2024-06-03,NA,NA,NA,NA,NA,NA
"1070",2024-06-04,NA,NA,NA,NA,NA,NA
"1071",2024-06-05,NA,NA,NA,NA,NA,NA
"1072",2024-06-06,NA,NA,NA,NA,NA,NA
"1073",2024-06-07,NA,NA,NA,NA,NA,NA
"1074",2024-06-11,NA,NA,NA,NA,NA,NA
"1075",2024-06-12,NA,NA,NA,NA,NA,NA
"1076",2024-06-13,NA,NA,NA,NA,NA,NA
"1077",2024-06-14,NA,NA,NA,NA,NA,NA
"1078",2024-06-17,NA,NA,NA,NA,NA,NA
"1079",2024-06-18,NA,NA,NA,NA,NA,NA
"1080",2024-06-19,NA,NA,NA,NA,NA,NA
"1081",2024-06-20,NA,NA,NA,NA,NA,NA
"1082",2024-06-21,NA,NA,NA,NA,NA,NA
"1083",2024-06-24,NA,NA,NA,NA,NA,NA
"1084",2024-06-25,NA,NA,NA,NA,NA,NA
"1085",2024-06-26,NA,NA,NA,NA,NA,NA
"1086",2024-06-27,NA,NA,NA,NA,NA,NA
"1087",2024-06-28,NA,NA,NA,NA,NA,NA
"1088",2024-07-01,NA,NA,NA,NA,NA,NA
"1089",2024-07-02,NA,NA,NA,NA,NA,NA
"1090",2024-07-03,NA,NA,NA,NA,NA,NA
"1091",2024-07-04,NA,NA,NA,NA,NA,NA
"1092",2024-07-05,NA,NA,NA,NA,NA,NA
"1093",2024-07-08,NA,NA,NA,NA,NA,NA
"1094",2024-07-09,NA,NA,NA,NA,NA,NA
"1095",2024-07-10,NA,NA,NA,NA,NA,NA
"1096",2024-07-11,NA,NA,NA,NA,NA,NA
"1097",2024-07-12,NA,NA,NA,NA,NA,NA
"1098",2024-07-15,NA,NA,9,NA,NA,NA
"1099",2024-07-16,NA,NA,NA,NA,NA,NA
"1100",2024-07-17,NA,NA,NA,NA,NA,NA
"1101",2024-07-18,NA,NA,NA,NA,NA,NA
"1102",2024-07-19,NA,NA,NA,NA,NA,NA
"1103",2024-07-22,NA,NA,NA,NA,NA,NA
"1104",2024-07-23,NA,NA,NA,NA,NA,NA
"1105",2024-07-24,NA,NA,NA,NA,NA,NA
"1106",2024-07-25,NA,NA,NA,NA,NA,NA
"1107",2024-07-26,NA,NA,NA,NA,NA,NA
"1108",2024-07-29,NA,NA,NA,8.59000015258789,NA,NA
"1109",2024-07-30,NA,NA,NA,NA,NA,NA
"1110",2024-07-31,NA,NA,NA,NA,NA,NA
"1111",2024-08-01,NA,NA,NA,NA,NA,NA
"1112",2024-08-02,NA,NA,NA,NA,NA,NA
"1113",2024-08-05,NA,NA,NA,NA,NA,NA
"1114",2024-08-06,NA,NA,NA,NA,NA,NA
"1115",2024-08-07,NA,NA,NA,NA,NA,NA
"1116",2024-08-08,NA,NA,NA,NA,NA,NA
"1117",2024-08-09,NA,NA,8.55000019073486,NA,NA,NA
"1118",2024-08-12,NA,NA,NA,8.26000022888184,NA,NA
"1119",2024-08-13,NA,NA,NA,NA,NA,NA
"1120",2024-08-14,NA,NA,NA,NA,NA,NA
"1121",2024-08-15,NA,NA,NA,NA,NA,NA
"1122",2024-08-16,NA,NA,NA,NA,NA,NA
"1123",2024-08-19,NA,NA,NA,NA,NA,NA
"1124",2024-08-20,NA,NA,NA,NA,NA,NA
"1125",2024-08-21,NA,NA,NA,NA,NA,NA
"1126",2024-08-22,NA,NA,NA,NA,NA,NA
"1127",2024-08-23,NA,NA,NA,NA,NA,NA
"1128",2024-08-26,NA,NA,NA,NA,NA,NA
"1129",2024-08-27,NA,NA,NA,NA,NA,NA
"1130",2024-08-28,NA,NA,NA,NA,NA,NA
"1131",2024-08-29,NA,NA,NA,NA,NA,NA
"1132",2024-08-30,NA,NA,8.11999988555908,NA,NA,NA
"1133",2024-09-02,NA,NA,NA,NA,NA,NA
"1134",2024-09-03,NA,NA,NA,NA,NA,NA
"1135",2024-09-04,NA,NA,NA,NA,NA,NA
"1136",2024-09-05,NA,NA,NA,NA,NA,NA
"1137",2024-09-06,NA,NA,NA,NA,NA,NA
"1138",2024-09-09,NA,NA,NA,7.53999996185303,NA,NA
"1139",2024-09-10,NA,NA,NA,NA,NA,NA
"1140",2024-09-11,NA,NA,NA,NA,NA,NA
"1141",2024-09-12,NA,NA,NA,NA,NA,NA
"1142",2024-09-13,NA,NA,NA,NA,NA,NA
"1143",2024-09-18,NA,NA,7.63000011444092,NA,NA,NA
"1144",2024-09-19,NA,NA,NA,NA,NA,NA
"1145",2024-09-20,NA,NA,NA,NA,NA,NA
"1146",2024-09-23,NA,NA,NA,NA,NA,NA
"1147",2024-09-24,NA,NA,NA,NA,NA,NA
"1148",2024-09-25,NA,NA,NA,NA,NA,NA
"1149",2024-09-26,NA,NA,NA,NA,NA,9.11999988555908
"1150",2024-09-27,NA,NA,NA,NA,NA,10.0299997329712
"1151",2024-09-30,NA,NA,NA,NA,NA,11.0299997329712
"1152",2024-10-08,NA,NA,NA,NA,NA,10.9899997711182
"1153",2024-10-09,NA,NA,NA,NA,NA,NA
"1154",2024-10-10,NA,NA,NA,NA,NA,NA
"1155",2024-10-11,NA,NA,NA,NA,NA,NA
"1156",2024-10-14,NA,NA,NA,NA,NA,10.789999961853
"1157",2024-10-15,NA,NA,NA,NA,NA,10.9300003051758
"1158",2024-10-16,NA,NA,NA,NA,NA,11.3900003433228
"1159",2024-10-17,NA,NA,NA,NA,NA,NA
"1160",2024-10-18,NA,NA,NA,NA,NA,NA
"1161",2024-10-21,NA,NA,NA,NA,NA,NA
"1162",2024-10-22,NA,NA,NA,NA,NA,NA
"1163",2024-10-23,NA,NA,NA,NA,NA,NA
"1164",2024-10-24,NA,NA,NA,10.7200002670288,NA,NA
"1165",2024-10-25,NA,NA,NA,NA,NA,NA
"1166",2024-10-28,NA,NA,NA,NA,NA,NA
"1167",2024-10-29,NA,NA,NA,NA,NA,NA
"1168",2024-10-30,NA,NA,NA,NA,NA,NA
"1169",2024-10-31,NA,NA,NA,NA,NA,NA
"1170",2024-11-01,NA,NA,NA,NA,NA,NA
"1171",2024-11-04,NA,NA,NA,NA,NA,NA
"1172",2024-11-05,NA,NA,NA,NA,NA,NA
"1173",2024-11-06,NA,NA,NA,NA,NA,NA
"1174",2024-11-07,11.6499996185303,NA,NA,NA,NA,NA
"1175",2024-11-08,NA,NA,NA,NA,NA,NA
"1176",2024-11-11,NA,NA,NA,NA,NA,NA
"1177",2024-11-12,NA,NA,NA,NA,NA,NA
"1178",2024-11-13,NA,NA,NA,NA,NA,NA
"1179",2024-11-14,NA,NA,NA,NA,NA,NA
"1180",2024-11-15,NA,NA,NA,NA,NA,NA
"1181",2024-11-18,NA,NA,NA,NA,NA,NA
"1182",2024-11-19,NA,NA,NA,NA,NA,NA
"1183",2024-11-20,NA,NA,NA,NA,NA,NA
"1184",2024-11-21,NA,NA,NA,NA,NA,NA
"1185",2024-11-22,NA,NA,NA,NA,NA,NA
"1186",2024-11-25,NA,NA,NA,NA,NA,NA
"1187",2024-11-26,NA,NA,NA,NA,NA,NA
"1188",2024-11-27,NA,NA,NA,NA,NA,NA
"1189",2024-11-28,NA,NA,NA,NA,NA,NA
"1190",2024-11-29,NA,NA,NA,NA,NA,NA
"1191",2024-12-02,NA,NA,NA,NA,NA,NA
"1192",2024-12-03,NA,NA,NA,NA,NA,NA
"1193",2024-12-04,NA,NA,NA,NA,NA,NA
"1194",2024-12-05,NA,NA,NA,NA,NA,NA
"1195",2024-12-06,NA,NA,NA,NA,NA,NA
"1196",2024-12-09,NA,NA,NA,NA,NA,NA
"1197",2024-12-10,NA,NA,NA,NA,NA,NA
"1198",2024-12-11,NA,NA,NA,NA,NA,NA
"1199",2024-12-12,NA,NA,10.210000038147,NA,NA,NA
"1200",2024-12-13,NA,NA,NA,9.84000015258789,NA,NA
"1201",2024-12-16,NA,NA,NA,NA,NA,NA
"1202",2024-12-17,NA,NA,NA,NA,NA,NA
"1203",2024-12-18,NA,NA,NA,NA,NA,NA
"1204",2024-12-19,NA,NA,NA,NA,NA,NA
"1205",2024-12-20,NA,NA,NA,NA,NA,NA
"1206",2024-12-23,NA,NA,NA,NA,NA,NA
"1207",2024-12-24,NA,NA,NA,NA,NA,NA
"1208",2024-12-25,NA,NA,NA,NA,NA,NA
"1209",2024-12-26,NA,NA,NA,NA,9.07999992370605,NA
"1210",2024-12-27,NA,NA,NA,NA,NA,NA
"1211",2024-12-30,NA,NA,NA,NA,8.98999977111816,NA
"1212",2024-12-31,NA,NA,NA,NA,8.85999965667725,NA
"1213",2025-01-02,NA,NA,NA,NA,8.68000030517578,NA
"1214",2025-01-03,NA,NA,NA,NA,8.53999996185303,NA
"1215",2025-01-06,NA,NA,NA,NA,8.53999996185303,NA
"1216",2025-01-07,NA,NA,NA,NA,8.67000007629395,NA
"1217",2025-01-08,NA,NA,NA,NA,8.60000038146973,NA
"1218",2025-01-09,NA,NA,NA,NA,8.64000034332275,NA
"1219",2025-01-10,NA,NA,NA,NA,8.47000026702881,NA
"1220",2025-01-13,NA,NA,NA,NA,NA,NA
"1221",2025-01-14,NA,NA,8.77000045776367,NA,NA,NA
"1222",2025-01-15,NA,NA,NA,NA,NA,NA
"1223",2025-01-16,NA,NA,NA,NA,NA,NA
"1224",2025-01-17,NA,NA,NA,NA,NA,NA
"1225",2025-01-20,NA,NA,NA,NA,NA,NA
"1226",2025-01-21,NA,NA,NA,NA,NA,NA
